trial,scenario,repeat,elapsed_ms
1,storm_passage,1,140.3702
1,storm_passage,0,140.2403
1,multi_squall,1,129.1131
1,multi_squall,0,137.8157
1,speed_manoeuvre,0,124.2601
1,speed_manoeuvre,1,121.5093
1,coupled_extreme,1,125.3605
1,coupled_extreme,0,129.868
2,storm_passage,1,125.0266
2,storm_passage,0,118.0922
2,multi_squall,1,135.1032
2,multi_squall,0,173.8644
2,speed_manoeuvre,1,129.2863
2,speed_manoeuvre,0,131.3346
2,coupled_extreme,1,132.3654
2,coupled_extreme,0,138.32
3,storm_passage,1,139.2742
3,storm_passage,0,198.6464
3,multi_squall,0,136.7505
3,multi_squall,1,129.3393
3,speed_manoeuvre,0,154.2967
3,speed_manoeuvre,1,148.7945
3,coupled_extreme,1,127.1246
3,coupled_extreme,0,141.7341
4,storm_passage,0,142.764
4,storm_passage,1,136.3229
4,multi_squall,0,157.948
4,multi_squall,1,345.1896
4,speed_manoeuvre,1,260.1121
4,speed_manoeuvre,0,265.7087
4,coupled_extreme,0,144.8481
4,coupled_extreme,1,346.9807
5,storm_passage,1,345.767
5,storm_passage,0,255.2426
5,multi_squall,1,246.7714
5,multi_squall,0,257.3702
5,speed_manoeuvre,1,317.6912
5,speed_manoeuvre,0,240.672
5,coupled_extreme,1,330.2691
5,coupled_extreme,0,316.8379
6,storm_passage,1,378.3562
6,storm_passage,0,494.4044
6,multi_squall,1,264.5585
6,multi_squall,0,368.7363
6,speed_manoeuvre,1,261.8259
6,speed_manoeuvre,0,324.3414
6,coupled_extreme,0,254.4989
6,coupled_extreme,1,243.0731
7,storm_passage,0,278.3439
7,storm_passage,1,282.1747
7,multi_squall,1,132.105
7,multi_squall,0,283.334
7,speed_manoeuvre,0,234.582
7,speed_manoeuvre,1,285.9409
7,coupled_extreme,0,269.6546
7,coupled_extreme,1,242.4483
8,storm_passage,0,341.2745
8,storm_passage,1,307.1552
8,multi_squall,1,243.4759
8,multi_squall,0,434.2842
8,speed_manoeuvre,0,192.3814
8,speed_manoeuvre,1,105.2117
8,coupled_extreme,0,103.7952
8,coupled_extreme,1,105.6485
