headroom,baseline,difference_pp,ci95_low_pp,ci95_high_pp,p_two_sided,n_clusters,negative_clusters,p_holm_12
0.35,Greedy-Online,0.0006056135018125963,-0.0043625066247918835,0.005573733628417076,0.781505351477243,8,5,1.0
0.6,Greedy-Online,0.02073087669524111,-0.015001224534812112,0.05646297792529433,0.21244507358882656,8,2,1.0
0.9,Greedy-Online,-0.6735588843067846,-0.9901916565886182,-0.35692611202495095,0.0015130911675710092,8,8,0.012104729340568074
1.35,Greedy-Online,-0.16955059777509843,-0.3188777038577935,-0.02022349169240334,0.0313176665687219,8,6,0.21922366598105328
0.35,Discounted-LinUCB,0.0007011005858608213,-0.0033785556781154216,0.004780756849837064,0.6966090196075706,8,5,1.0
0.6,Discounted-LinUCB,0.06333283414845775,0.043354814445574485,0.08331085385134102,0.00013774865455556658,8,0,0.001652983854666799
0.9,Discounted-LinUCB,-0.5533431259749206,-0.7870854160419033,-0.319600835907938,0.0008178096688667872,8,8,0.007360287019801085
1.35,Discounted-LinUCB,0.16607370881934186,-0.011198386029678042,0.34334580366836176,0.06231258842193927,8,1,0.37387553053163564
0.35,Contextual-Thompson,0.0006952261450520261,-0.003348958834784626,0.004739411124888678,0.6965182222388903,8,5,1.0
0.6,Contextual-Thompson,0.059192447303065,0.03928239096200019,0.07910250364412981,0.0002059971578623998,8,0,0.0022659687364863976
0.9,Contextual-Thompson,-0.571632753600197,-0.7716932049190712,-0.3715723022813229,0.00026345630770321417,8,8,0.0026345630770321414
1.35,Contextual-Thompson,0.12841682343849822,-0.11498248563073746,0.37181613250773393,0.25230503443936875,8,3,1.0
