headroom,policy,composite_nrmse_mean,composite_nrmse_ci95_low,composite_nrmse_ci95_high,elapsed_ms_mean,elapsed_ms_ci95_low,elapsed_ms_ci95_high,switches_mean,switches_ci95_low,switches_ci95_high,budget_violation_fraction_mean,budget_violation_fraction_ci95_low,budget_violation_fraction_ci95_high,estimated_cost_us_mean,estimated_cost_us_ci95_low,estimated_cost_us_ci95_high,decision_latency_us_mean,decision_latency_us_ci95_low,decision_latency_us_ci95_high,hydro_l2_share_mean,hydro_l2_share_ci95_low,hydro_l2_share_ci95_high,propulsion_l2_share_mean,propulsion_l2_share_ci95_low,propulsion_l2_share_ci95_high
0.35,Fixed-L1,0.12142894204173674,0.12135081331453014,0.12150707076894333,77.9645421875,55.46335342811632,100.46573094688368,0.0,0.0,0.0,0.0,0.0,0.0,14.624400000000007,14.624400000000007,14.624400000000007,0.5857430555555555,0.4230455775923605,0.7484405335187505,0.0,0.0,0.0,0.0,0.0,0.0
0.35,Fixed-L2,0.0,0.0,0.0,252.97423906250003,188.31572496311566,317.6327531618844,0.0,0.0,0.0,1.0,1.0,1.0,99.90138000000003,99.90138000000003,99.90138000000003,1.2195885416666665,0.8946813724505567,1.5444957108827764,1.0,1.0,1.0,1.0,1.0,1.0
0.35,Threshold-Projected,0.12115488874833687,0.1209665639007725,0.12134321359590124,92.4014015625,69.18119262287235,115.62161050212765,3.375,2.28610767919506,4.4638923208049395,0.0,0.0,0.0,15.62059242708334,15.501542476073128,15.739642378093551,16.319102430555557,12.221556107483266,20.416648753627847,0.0,0.0,0.0,0.035520833333333335,0.03127591703683401,0.03976574962983266
0.35,Greedy-Online,0.1211570667762906,0.12096410570189567,0.12135002785068552,345.88938593750004,247.2609549584957,444.5178169165044,5.1875,3.6731132321209174,6.701886767879083,0.0,0.0,0.0,15.62935658333334,15.510328903383282,15.748384263283398,25.774977430555552,17.6691893637757,33.8807654973354,0.0,0.0,0.0,0.035833333333333335,0.03158921114708256,0.04007745551958411
0.35,Switch-Aware-Greedy,0.12116312291130871,0.12096580687590275,0.12136043894671467,339.911940625,263.61868026542953,416.20520098457047,2.0,1.5531280204409477,2.4468719795590523,0.0,0.0,0.0,15.519317732638896,15.383706357707666,15.654929107570126,23.741454861111112,18.166502853014542,29.316406869207682,0.0,0.0,0.0,0.03190972222222222,0.02707428188351199,0.03674516256093245
0.35,Discounted-LinUCB,0.12115611190545011,0.12096664641733366,0.12134557739356656,465.5643828125,338.96914169703746,592.1596239279626,3.875,3.046477175317178,4.703522824682822,0.0,0.0,0.0,15.981870423611118,15.833854002882715,16.129886844339524,196.25413194444442,142.13572588839446,250.3725380004944,0.0,0.0,0.0,0.04840277777777778,0.043125015702549396,0.053680539853006165
0.35,Contextual-Thompson,0.1211561706498582,0.12096586745195896,0.12134647384775744,496.334759375,367.93390786535383,624.7356108846461,3.5625,2.7135167407001344,4.411483259299866,0.0,0.0,0.0,15.949735184027784,15.772413307152751,16.127057060902814,222.1667361111111,163.95452651511343,280.3789457071088,0.0,0.0,0.0,0.04725694444444445,0.04093424948753432,0.05357963940135458
0.35,Proposed-Exact-Online,0.12116312291130871,0.12096580687590275,0.12136043894671467,348.5455390625,245.93571546636207,451.1553626586379,2.0,1.5531280204409477,2.4468719795590523,0.0,0.0,0.0,15.519317732638896,15.383706357707666,15.654929107570126,30.60153298611111,21.752209661007424,39.45085631121479,0.0,0.0,0.0,0.03190972222222222,0.02707428188351199,0.03674516256093245
0.6,Fixed-L1,0.12142894204173674,0.12135081331453014,0.12150707076894333,72.5169953125,55.57659207291576,89.45739855208424,0.0,0.0,0.0,0.0,0.0,0.0,14.624400000000007,14.624400000000007,14.624400000000007,0.5658715277777777,0.4514999769763857,0.6802430785791698,0.0,0.0,0.0,0.0,0.0,0.0
0.6,Fixed-L2,0.0,0.0,0.0,267.1428125,194.95071991682613,339.33490508317385,0.0,0.0,0.0,1.0,1.0,1.0,99.90138000000003,99.90138000000003,99.90138000000003,1.2141753472222223,0.9003957785771846,1.52795491586726,1.0,1.0,1.0,1.0,1.0,1.0
0.6,Threshold-Projected,0.10636491531168363,0.10625914681147183,0.10647068381189542,112.17211718749999,83.44031659177116,140.90391778322882,11.8125,11.59615903316013,12.02884096683987,0.0,0.0,0.0,27.851459371527795,27.81124515043232,27.89167359262327,15.718739583333333,11.528420097572466,19.909059069094198,0.0,0.0,0.0,0.47163194444444445,0.4701980421115946,0.4730658467772943
0.6,Greedy-Online,0.09940975816049712,0.09910215999322572,0.09971735632776851,461.2416953125,338.5587052793707,583.9246853456292,5.0,4.163979078370289,5.836020921629711,0.0,0.0,0.0,36.3974855104167,36.2535923137614,36.541378707072,27.076253472222223,19.518842267982944,34.63366467646151,0.0,0.0,0.0,0.7763541666666667,0.7712234247364573,0.781484908596876
0.6,Switch-Aware-Greedy,0.09961706692744954,0.09936566440267114,0.09986846945222794,474.513525,365.59663036810326,583.4304196318967,2.5,2.5,2.5,0.0,0.0,0.0,36.52018369791671,36.43413602996067,36.606231365872745,30.936618055555556,23.767213752588756,38.10602235852235,0.0,0.0,0.0,0.7807291666666667,0.7776609995243634,0.78379733380897
0.6,Discounted-LinUCB,0.09898373858596496,0.0988688736352977,0.09909860353663222,657.3100765625,486.0692499689245,828.5509031560754,2.0,2.0,2.0,0.0,0.0,0.0,38.0714393541667,38.01913298285272,38.12374572548068,269.6680729166667,199.7552483004337,339.5808975328997,0.0,0.0,0.0,0.8360416666666667,0.8341765993892983,0.837906733944035
0.6,Contextual-Thompson,0.09902514245441887,0.09892031236236068,0.09912997254647707,734.380509375,554.8053631507692,913.9556555992308,2.375,2.2170068964657688,2.5329931035342312,0.0,0.0,0.0,38.05001586111115,37.99345152732163,38.106580194900666,319.00303472222225,240.01421905535992,397.99185038908456,0.0,0.0,0.0,0.8352777777777778,0.8332608860422814,0.8372946695132741
0.6,Proposed-Exact-Online,0.09961706692744954,0.09936566440267114,0.09986846945222794,501.355103125,364.09713980482223,638.6130664451778,2.5,2.5,2.5,0.0,0.0,0.0,36.52018369791671,36.43413602996067,36.606231365872745,35.586538194444444,25.934430186306578,45.23864620258231,0.0,0.0,0.0,0.7807291666666667,0.7776609995243634,0.78379733380897
0.9,Fixed-L1,0.12142894204173674,0.12135081331453014,0.12150707076894333,79.253315625,57.01927255493645,101.48735869506355,0.0,0.0,0.0,0.0,0.0,0.0,14.624400000000007,14.624400000000007,14.624400000000007,0.6369652777777777,0.4413889421511885,0.8325416134043668,0.0,0.0,0.0,0.0,0.0,0.0
0.9,Fixed-L2,0.0,0.0,0.0,262.8091328125,191.76855778651907,333.849707838481,0.0,0.0,0.0,1.0,1.0,1.0,99.90138000000003,99.90138000000003,99.90138000000003,1.1824704861111113,0.8569604957767244,1.507980476445498,1.0,1.0,1.0,1.0,1.0,1.0
0.9,Threshold-Projected,0.10834061316944674,0.10797083500927591,0.10871039132961756,128.1585546875,94.78102172238899,161.536087652611,17.71875,17.05369942923953,18.38380057076047,0.0,0.0,0.0,32.86118951805558,32.77515718936451,32.94722184674665,15.683657986111111,11.507155746368078,19.860160225854145,0.09006944444444445,0.08891997432214241,0.0912189145667465,0.4664583333333333,0.46292168586545823,0.4699949808012084
0.9,Greedy-Online,0.09573855149692634,0.0940071557620931,0.09746994723175957,521.6807515625,397.73877149600656,645.6227316289933,29.875,22.812867327270904,36.93713267272909,0.0,0.0,0.0,42.30629796388892,41.62300098918396,42.98959493859389,29.459281249999997,21.93332760149002,36.98523489850997,0.09798611111111111,0.08543244207086069,0.11053978015136152,0.7870833333333334,0.7469916765165019,0.8271749901501648
0.9,Switch-Aware-Greedy,0.08742390414291751,0.08579832505375866,0.08904948323207636,554.204515625,409.96422186675557,698.4448093832444,1.96875,1.463696927604642,2.473803072395358,0.0,0.0,0.0,49.454130716666704,48.44366461415046,50.46459681918295,32.90238888888889,24.19494184171583,41.609835936061955,0.24663194444444442,0.21643223745114576,0.2768316514377431,0.7386111111111111,0.7121283863213352,0.765093835900887
0.9,Discounted-LinUCB,0.09453639391360769,0.09385096469124705,0.09522182313596832,755.8620859375001,576.3868199628718,935.3373519121284,15.3125,14.333771298145898,16.291228701854102,0.0,0.0,0.0,48.79541636458337,48.48988482124708,49.100947907919654,271.00324131944444,206.68852240059124,335.31796023829764,0.2607638888888889,0.24612023229394042,0.2754075454838374,0.6862847222222223,0.6659321650149953,0.7066372794294492
0.9,Contextual-Thompson,0.09471929018986046,0.09422007053856073,0.09521850984116019,795.9381515625,562.694872501439,1029.181430623561,13.09375,12.344843523662918,13.842656476337082,0.0,0.0,0.0,49.255720263194476,48.611640925625956,49.899799600763,298.3567170138889,210.41960239594238,386.2938316318354,0.2835416666666667,0.27117971044372324,0.29590362288961014,0.6562152777777778,0.6266676580598051,0.6857628974957505
0.9,Proposed-Exact-Online,0.08900296265385849,0.08667847166788485,0.09132745363983212,587.070025,444.4198811319071,729.7201688680929,7.25,6.444390082065871,8.05560991793413,0.0,0.0,0.0,49.05293150625003,48.32911961027153,49.77674340222853,38.451487847222225,29.22728288715231,47.67569280729214,0.25090277777777775,0.23238320308298546,0.26942235247257,0.7155902777777778,0.6781624465477226,0.7530181090078331
1.35,Fixed-L1,0.12142894204173674,0.12135081331453014,0.12150707076894333,72.3434671875,55.66240416645327,89.02453020854672,0.0,0.0,0.0,0.0,0.0,0.0,14.624400000000007,14.624400000000007,14.624400000000007,0.5787899305555555,0.4379764995873522,0.7196033615237588,0.0,0.0,0.0,0.0,0.0,0.0
1.35,Fixed-L2,0.0,0.0,0.0,236.97398125,180.21400445325304,293.733958046747,0.0,0.0,0.0,0.5425694444444444,0.5342658713824472,0.5508730175064417,99.90138000000003,99.90138000000003,99.90138000000003,1.0513854166666667,0.7833704459880002,1.3194003873453333,1.0,1.0,1.0,1.0,1.0,1.0
1.35,Threshold-Projected,0.0976561592515124,0.09695118553935136,0.09836113296367344,136.30965625,95.03029391550373,177.58901858449624,18.625,18.16437490678729,19.08562509321271,0.0,0.0,0.0,39.41430037013892,39.21118330372868,39.617417436549154,14.49821875,10.183379041338606,18.813058458661395,0.1979861111111111,0.1943421706781692,0.20163005154405303,0.4798958333333333,0.47787918035388816,0.48191248631277844
1.35,Greedy-Online,0.07840656187983253,0.07574947033702346,0.08106365342264159,679.640871875,501.05583994818625,858.2259038018137,46.84375,38.49703437668559,55.19046562331441,0.0,0.0,0.0,68.91737221944447,67.77961987874411,70.05512456014483,30.49393923611111,21.882425698657357,39.10545277356486,0.5376388888888889,0.5144908505873254,0.5607869271904524,0.83875,0.7998319784066773,0.8776680215933227
1.35,Switch-Aware-Greedy,0.07080997472129763,0.06766705454126626,0.073952894901329,686.3038015625,507.4131065105503,865.1944966144497,4.4375,4.221159033160131,4.653840966839869,0.0,0.0,0.0,71.35721312638893,70.45618873844836,72.2582375143295,34.410605902777775,25.606026961050553,43.215184844504996,0.585,0.571968007351683,0.598031992648317,0.8290972222222222,0.795563496440987,0.8626309480034573
1.35,Discounted-LinUCB,0.07505031881388811,0.07370782572717559,0.07639281190060064,959.0098484374998,727.2362017683154,1190.7834951066843,15.71875,14.909758196477837,16.527741803522165,0.0,0.0,0.0,75.38350436736114,74.98080655550042,75.78620217922186,286.3424635416667,217.8108088205422,354.87411826279117,0.6819791666666667,0.6692877475463301,0.6946705857870032,0.7747569444444444,0.7588669810805866,0.7906469078083023
1.35,Contextual-Thompson,0.07542688766769656,0.07451506194584098,0.07633871338955214,1003.1425953125,723.1198342443902,1283.1653563806099,16.0625,14.28288458944622,17.842115410553777,0.0,0.0,0.0,74.91509574513893,74.38596476254686,75.44422672773099,321.3014548611111,231.22917352089067,411.37373620133155,0.6691666666666667,0.6512070790751533,0.6871262542581801,0.7842013888888888,0.7619149504045045,0.8064878273732731
1.35,Proposed-Exact-Online,0.07671105590208153,0.0740049634325101,0.07941714837165297,701.6681625,496.45983217795106,906.8764928220489,10.75,10.276020689397306,11.223979310602694,0.0,0.0,0.0,74.06784023194447,72.84743501068041,75.28824545320853,38.80197743055555,27.935376139681885,49.66857872142922,0.6785069444444445,0.6621810199065341,0.6948328689823549,0.7349305555555555,0.7131301682104678,0.7567309429006432
